{
  "loaf rhodes bread dough": "pastry",
  "strips": "garbage",
  "aged balsamic": "condiment",
  "makes": "garbage",
  "french baguette (18 inches)": "pastry",
  "grape seed oil": "oil",
  "thin rounds of salami": "meat",
  "skewers": "tool",
  "genoa salami": "meat",
  "bamboo sticks": "tool",
  "smoked gouda": "gouda",
  "sundried tomatoes": "fruit",
  "pitted calamata/black olives": "fruit",
  "pepper jack/ cheddar/ mozzarella cheese": "dairy",
  "imported italian or spanish tuna in olive oil": "oil",
  "+ 1 tsp. butter": "dairy",
  "options - use any, or none": "garbage",
  "cumin and chili powder": "condiment",
  "curry and cayenne": "condiment",
  "fresh or dried breadcrumb": "pastry",
  "garlic oil": "oil",
  "premade flatbread": "pastry",
  "pastry for a single-crust pie": "pastry",
  "wing sauce": "condiment",
  "unsliced round loaf;": "pastry",
  "about": "garbage",
  "biscuit type crackers": "pastry",
  "french sweet baguette": "pastry",
  "bruschetta topping:": "pastry",
  "baguette:": "pastry",
  "kirsch": "drink",
  "-- honey-lemon syrup --": "condiment",
  "swiss chesse": "dairy",
  "assorted crackers": "pastry",
  "thinly sliced salami (optional)": "meat",
  "franks red hot sauce": "condiment",
  "bleu cheese dip": "dairy",
  "normandy camembert": "dairy",
  "to garnish": "garbage",
  "for the sauce": "condiment",
  "cracker barrel extra sharp cheddar": "dairy",
  "hoison sauce": "condiment",
  "frozen puffed pastry": "pastry",
  "fresh vegetables and/or crackers": "vegetable",
  "texas pete buffalo wing sauce": "condiment",
  "prepared fat-free ranch dressing": "condiment",
  "cr\u00e8me fra\u00eeche": "garbage",
  "for the guacamole base:": "condiment",
  "for frankenguac:": "garbage",
  "crudites and/or crackers": "vegetable",
  "argula leaves": "vegetable",
  "yougurt": "dairy",
  "jam": "condiment",
  "-- apples --": "fruit",
  "for the rub:": "garbage",
  "flat wooden skewers": "tool",
  "mirin (sweet rice wine)": "drink",
  "grated fresh ginger": "vegetable",
  "dried crushed red pepper": "condiment",
  "fresh hot red rubber gloves": "tool",
  "ground roasted peanuts": "nut",
  "garlic bread": "pastry",
  "red apples": "fruit",
  "optional toppings": "condiment",
  "extra optional ingredients": "garbage",
  "-- meatballs --": "meat",
  "soya sauce": "condiment",
  "-- sauce --": "condiment",
  "meatball ingredients:": "meat",
  "asian sauce ingredients:": "condiment",
  "spicy peanut dipping sauce:": "condiment",
  "beef satay:": "meat",
  "pre-cooked party meatballs": "meat",
  "plain breadcrumbs": "pastry",
  "buffalo sauce": "condiment",
  "sweet & sour sauce": "condiment",
  "remaining ingredients": "garbage",
  "bottle of franks red hot": "condiment",
  "makes 40 to 50 strips": "garbage",
  "stephen ceideburg": "garbage",
  "refrigerated crescent rolls": "pastry",
  "fajita filling:": "garbage",
  "combine in a shallow dish:": "garbage",
  "parchment paper": "tool",
  "crown royal whiskey": "drink",
  "horseradish sauce": "condiment",
  "crimini muchrooms": "vegetable",
  "soy nuts": "nut",
  "udo": "garbage",
  "stevia (to taste)": "condiment",
  "white": "garbage",
  "olives": "fruit",
  "chopped garlic": "vegetable",
  "fresh oregano": "vegetable",
  "for chorizo stuffed prosciutto wrapped dates:": "garbage",
  "imperial chorizo": "meat",
  "for green olive tapenade:": "condiment",
  "roasted red peper": "condiment",
  "tzatziki sauce": "condiment",
  "anchoas": "garbage",
  "cebolla peque\u00f1a": "garbage",
  "huevo": "garbage",
  "aceite": "garbage",
  "queso untar": "garbage",
  "pimienta molida": "garbage",
  "star shape": "garbage",
  "cream cheese mixture": "dairy",
  "some breadcrumbs (about 1/2 cup)": "pastry",
  "-- dough --": "pastry",
  "-- filling --": "garbage",
  "crescent dough": "pastry",
  "sweetcorn": "vegetable",
  "dried mixed herbs (optional)": "condiment",
  "fresh tomato": "fruit",
  "chopped tomatoes/ dolmio": "fruit",
  "half and half cream": "dairy",
  "kefalotiri": "dairy",
  "filo": "pastry",
  "premade mini pie crusts": "pastry",
  "shaoxing wine": "drink",
  "bars": "garbage",
  "foods buffalo nuts": "nut",
  "uncooked pie crust": "pastry",
  "heavy duty foil circles": "tool",
  "fine dry bed crumbs": "pastry",
  "fall": "garbage",
  "this won a third prize in": "garbage",
  "alum": "tool",
  "long english cucumbers": "vegetable",
  "medium onions": "vegetable",
  "pearl onions": "vegetable",
  "habanero peppers": "vegetable",
  "pickling salt": "condiment",
  "mustard seed": "condiment",
  "glass containers for pickling": "tool",
  "-- sauce #1 --": "condiment",
  "-- sauce #2 --": "condiment",
  "pina colada mix": "drink",
  "pina colada dipping sauce:": "condiment",
  "tartlet": "pastry",
  "- sushi rice -": "pastry",
  "- sushi roll -": "tool",
  "pico de gallo cocktail sauce": "condiment",
  "margarita shrimp": "meat",
  "fresh mussels": "meat",
  "finely chopped onions": "vegetable",
  "mott's clamato": "drink",
  "salmon filets": "meat",
  "white peppercorns": "condiment",
  "fennel seeds": "condiment",
  "pumpernickel bread": "pastry",
  "dry mustard": "condiment",
  "pickapeppa sauce": "condiment",
  "smoked fish": "meat",
  "alderwood": "tool",
  "square wonton wrappers": "pastry",
  "crystal \u2122 hot sauce": "condiment",
  "pretzel sticks or small pretzels": "pastry",
  "caramels, unwrapped": "candy",
  "heath bar brittle": "candy",
  "chex cereal": "nut",
  "chocalate chips": "candy",
  "cheerios": "nut",
  "so delicious\u00ae french vanilla coconut milk creamer": "dairy",
  "unpopped kernels": "nut",
  "vegan butter": "dairy",
  "agave nectar, amber": "condiment",
  "dark brown sugar": "condiment",
  "dried coconut flakes, unsweetened": "nut",
  "popcorn": "nut",
  "crispix": "nut",
  "cherrios": "nut",
  "candy eyeballs": "candy",
  "mini pretzels": "pastry",
  "os cereal": "nut",
  "m and ms": "garbage",
  "hing": "garbage",
  "9 x 13 pan": "tool",
  "low-fat marinara sauce": "condiment",
  "light english muffin": "pastry",
  "pie crusts": "pastry",
  "sprinkles": "candy",
  "holiday colored sprinkles": "candy",
  "sunflower seed kernels": "nut",
  "crispix cereal": "nut",
  "satay dipping sauce": "condiment",
  "red chilli sliced": "vegetable",
  "satay dipping sauce:": "condiment",
  "green salsa:": "condiment",
  "shanghai-style noodles (cu mian) or udan": "pastry",
  "sichuan peppercorns": "condiment",
  "roasted peanuts": "nut",
  "vine tomatoes": "fruit",
  "salt, to taste": "condiment",
  "chicken wings": "meat",
  "coriander sprigs": "condiment",
  "piri piri": "condiment",
  "frank's red hot": "condiment",
  "oyster": "meat",
  "cooked salsa": "condiment",
  "mozz/smoked mozz": "dairy",
  "breading": "pastry",
  "cactus paddles": "vegetable",
  "jicama": "vegetable",
  "earth balance": "garbage",
  "olo's chipotle paste": "condiment",
  "oil for deep frying": "oil",
  "(8 ounces) refrigerated crescent rolls": "pastry",
  "lightly beaten": "garbage",
  "seasoning salt": "condiment",
  "crusty bread": "pastry",
  "seasoning ingredients:": "condiment",
  "dumpling wrappers": "pastry",
  "peanut sauce": "condiment",
  "stir-fry seasoning powder": "condiment",
  "water chestnuts": "nut",
  "red chili-pepper flakes": "condiment",
  "fresh mung bean sprouts": "vegetable",
  "=== homemade mayonnaise ===": "mayonnaise",
  "to serve": "garbage",
  "hoison peanut sauce:": "condiment",
  "sandwich:": "pastry",
  "package round wonton wrappers**": "pastry",
  "tooth picks": "tool",
  "pillsbury\u00ae refrigerated crescent dinner rolls": "pastry",
  "deli meat": "meat",
  "raw shrimp": "meat",
  "pork fatback": "meat",
  "shao hsing wine": "drink",
  "large egg white": "meat",
  "ground white pepper": "condiment",
  "basic wheat starch dough": "pastry",
  "bao syang": "garbage",
  "red chilli flakes": "condiment",
  "warm water (105\u00b0f to 110\u00b0f)": "drink",
  "cups of warm water (you may need \u00b1 \u00bc cup more": "drink",
  "water bath": "drink",
  "malt drink powder": "condiment",
  "----": "garbage",
  "***": "garbage",
  "bruschetta": "pastry",
  "sourdough": "pastry",
  "plum jam": "condiment",
  "malt powder": "condiment",
  "lightly beaten.": "garbage",
  "orange glaze:": "garbage",
  "for the glaze:": "garbage",
  "fleur del sel": "condiment",
  "proof": "garbage",
  "biscuit and baking mix": "pastry",
  "sharp cheddar cheese": "dairy",
  "refrigerated biscuit dough": "pastry",
  "old bay": "garbage",
  "-": "garbage",
  "===": "garbage",
  "(or": "garbage",
  "sunflower kernels": "nut",
  "formatted by linda caldwell": "garbage",
  "millet": "vegetable",
  "whole grains and seeds": "vegetable",
  "coating": "garbage",
  "mixins": "garbage",
  "when beep sounds add": "garbage",
  "-pound loaf": "pastry",
  "- pound loaf": "pastry",
  "- 1/2-pound loaf": "pastry",
  "plus 2 tablespoons   water": "drink",
  "small loaf - 1 lb machine": "pastry",
  "large loaf - 1 1/2 to 2 lb machine": "pastry",
  "irish whiskey": "drink",
  "pillsbury\u00ae grands!\u00ae homestyle refrigerat": "garbage",
  "for the loaf": "pastry",
  "for the lemon syrup": "condiment",
  "for the lemon glaze": "garbage",
  "plus": "garbage",
  "veg oil": "oil",
  "warm water (105-115 degrees)": "drink",
  "bread soda": "pastry",
  "flax seed mill": "tool",
  "dry oatmeal": "nut",
  "arrowroot powder": "condiment",
  "psyllium seed husks (or 3 tbsp psyllium husk)": "nut",
  "flavorless oil(canola or grape seed)": "oil",
  "refrigerated crescent dinner rolls": "pastry",
  "warm water.": "drink",
  "-dissolve and let work;": "garbage",
  "-beat together and add to yeast mixture;": "pastry",
  "-add;": "garbage",
  "-add one cup at a time;": "garbage",
  "-turn out on floured board and knead 1 minute.": "pastry",
  "-place in greased bowl and let rise until double.": "garbage",
  "-roll out into a long rectangle 1/4 in thick": "garbage",
  "-brush over your dough;": "pastry",
  "-sprinkle on dough;": "pastry",
  "-roll up jellyroll fashion (the long way)": "garbage",
  "-cut into 1/2 inch slices": "garbage",
  "-melt 1 1/2 tb butter and divide into 3 9x13 pans": "dairy",
  "-place your cinnamon rolls in pans and let rise": "garbage",
  "-when rolls are doubled bake 350 for 30 min.": "garbage",
  "-beat together;": "garbage",
  "boca meatless ground burger": "pastry",
  "cornbread topping": "pastry",
  "round loaf sourdough bread": "pastry",
  "active dry yeast or\u00a00.6 oz": "garbage",
  "cups\u00a0flour": "pastry",
  "poppyseeds": "condiment",
  "(a)": "garbage",
  "(b)": "garbage",
  "(c) mix": "garbage",
  "warm water + 1 tablespoon": "drink",
  "egg wash": "meat",
  "raw bread dough lump": "pastry",
  "bread flour": "pastry",
  "oil (vegetable or canola)": "oil",
  "veg. oil": "oil",
  "-warm water": "drink",
  "oj": "garbage",
  "very warm water (110 degrees)": "drink",
  "lukewarm water (100-110 degrees)": "drink",
  "xanthun gum": "drink",
  "dry mix": "garbage",
  "wet mix": "garbage",
  "yuca starch": "pastry",
  "warm water (105 to 115": "drink",
  "for the flat bread:": "pastry",
  "lukewarm water (l00\u00b0f to 110\u00b0f)": "drink",
  "for sponge (biga):": "garbage",
  "for bread:": "pastry",
  "for the dough": "pastry",
  "strong flour": "pastry",
  "instant yeast": "garbage",
  "flaked sea salt": "condiment",
  "raisin": "nut",
  "frozen/fresh blueberries": "fruit",
  "any beer": "drink",
  "beaten, divided use": "garbage",
  "mik": "garbage",
  "bread:": "pastry",
  "=== spread ===": "garbage",
  "raisines": "nut",
  "-- lemon glaze --": "garbage",
  "for the buns": "pastry",
  "mahlepi": "garbage",
  "dried currants": "nut",
  "candied citron peel": "candy",
  "mixed dried fruit": "fruit",
  "firmly packed brown sugar": "condiment",
  "bicarb soda": "pastry",
  "sweet sherry": "drink",
  "self-raising flour": "pastry",
  "blanched almonds": "nut",
  "mixed candied peel": "candy",
  "(16.3 oz each) pillsbury\u00ae grands!\u00ae homestyle refri": "pastry",
  "sift together": "garbage",
  "add after sifting": "garbage",
  "crisco oil": "oil",
  "-- add later --": "garbage",
  "cake recipe": "pastry",
  "whipped cream recipe": "dairy",
  "bicarbonate of soda": "pastry",
  "the icing": "pastry",
  "marzipan": "candy",
  "ready-to-roll icing": "pastry",
  "mixed peels": "candy",
  "stevia (optional)": "condiment",
  "-- for the topping --": "garbage",
  "instant oatmeal, plain": "nut",
  "-- streusel topping --": "garbage",
  "frozen bread dough": "pastry",
  "equipment:": "garbage",
  "very warm water": "drink",
  "10 grain hot cereal": "nut",
  "yeast active dry yeast": "pastry",
  "hot tap water": "drink",
  "corn meal": "vegetable",
  "warm water (110-115 degrees)": "drink",
  "vegetable chowder:": "vegetable",
  "boxes instant pudding (any flavor)": "candy",
  "nuts chopped (optional)": "nut",
  "add whatever else you want!": "garbage",
  "cream cheese icing:": "dairy",
  "dry sweetener": "",
  "muffin part": 1,
  "sugar coating": 1,
  "-- orange glaze (optional) --": 1,
  "stir together until well combined:": 1,
  "sift together:": 1,
  "pan": 1,
  "old fashioned oatmeal": 1,
  "nuts (optional)": 1,
  "lemon glaze:": 1,
  "bicarb of soda": 1,
  "round loaf of french": 1,
  "ribbon": 1,
  "room temp": 1,
  "halves": 1,
  "coconut flour": 1,
  "butter (melted (or 1/2 cup ghee or oil))": "dairy",
  "rhodes dinner rolls": 1,
  "crescent dinner rolls": 1,
  "rolls": 1,
  "luke-warm water": 1,
  "starter:": 1,
  "bread, 1st day:": "pastry",
  "bread, 2nd day:": "pastry",
  "sun flower seeds": 1,
  "rye bread": "pastry",
  "rasins": 1,
  "for the rye dough": 1,
  "for the pumpernickel": 1,
  "oat bran": 1,
  "dry yeast": 1,
  "rye flour": 1,
  "rye malt": 1,
  "to 1/4 cups lukewarm water*": 1,
  "seeds (sesame": 1,
  "summer": 1,
  "sourdough all of the above": 1,
  "neutral oil": "oil",
  "litre lukewarm water": 1,
  ",5 litre leavening*": 1,
  "dl oat brans": 1,
  "method:": 1,
  "friendship bread starter": "pastry",
  "dough enhancer (optional)": 1,
  "whole kernel corn": 1,
  "-- sourdough starter --": 1,
  "-- for the bread --": "pastry",
  "thousand island dressing": 1,
  "to make 3 1/2 cups biga:": 1,
  "to make 2 1/3 cups biga": 1,
  "round loaf sourdough bread (1 pound)": "pastry",
  "pane di casa vienna or sourdough loaf of bread": "pastry",
  "start": 1,
  "combine:": 1,
  "(or more) whole grain": 1,
  "rye flakes": 1,
  "maseca": 1,
  "psyllium husk powder": 1,
  "water (or marinara \u2013 for \u201ctomato basil\u201d flavor)": "drink",
  "ground psyllium husk powder": 1,
  "las palmas red enchilada sauce": 1,
  "extra": 1,
  "stevia in the raw": 1,
  "water; to 2 cups": "drink",
  "additional": 1,
  "ingredient group a": 1,
  "ingredient group b": 1,
  "luke warm water": "drink",
  "ingredient group c": 1,
  "warm water (about 110 degrees)": "drink",
  "if making cinnamon rolls:": 1,
  "loaf": 1,
  "mix-in:": 1,
  "lecithin": 1,
  "dough enhancer": 1,
  "non-diastatic malt powder (optional)": 1,
  "deli rye flavor (optional)": 1,
  "regular loaf": 1,
  "large loaf": 1,
  "dal": 1,
  "soda bicarborate": 1,
  "white flour": 1,
  "flatbreads & flavors; alford": "pastry",
  "hearty white bread": "pastry",
  "sandwich spread": 1,
  "poolish ( starter )": 1,
  "mild flavored lager": 1,
  "filling/topping": 1,
  "+ 2 tbsp warm water": "drink",
  "plus 1 tablespoon warm": 1,
  "water (105 to 115 degrees f)": "drink",
  "-- wet ingredients --": 1,
  "sunflower oil": "oil",
  "-- dry ingredients --": 1,
  "-- yeast --": 1,
  "lemon glaze": 1,
  "dry mix:": 1,
  "wet mix:": 1,
  "cream cheese frosting:": "dairy",
  "espresso powder": 1,
  "eclairs": 1,
  "custard filling": 1,
  "chocolate glaze": 1,
  "crust ingredients:": 1,
  "refrigerated reduced fat crescent dinner rolls": 1,
  "filling ingredients:": 1,
  "crystal farms\u00ae fat-free cream cheese": "dairy",
  "assorted fresh fruit pieces": 1,
  "apple jelly": 1,
  "apricot preserves or orange marmalade": 1,
  "spectrum\u00ae coconut oil": "oil",
  "quick cooking oats": 1,
  "pumpkin seeds": 1,
  "pumpkin pie spice": 1,
  "pumpkin puree": 1,
  "pure vanilla extract": 1,
  "misc. additions/combinations": 1,
  "scald": 1,
  "plus 2 tablespoon hot water": "drink",
  "6 (12 ounce) bottles sparkling water": "drink",
  "for the chocolate:": 1,
  "instant oatmeal": 1,
  "flaxseed oil": "oil",
  "whey": 1,
  "protein powder": 1,
  "fish oil": "oil",
  "stalks roughly": 1,
  "juiced (about 3 tablespoons or so)": 1,
  "( if sweeter smoothie is desired - optional)": 1,
  "cups ice": 1,
  "cup cooked oatmeal": 1,
  "for the streusel:": 1,
  "jalape\u00f1o sliced thinly": 1,
  "mix": 1,
  "fresh bread": "pastry",
  "brown 1 pound good sausage in frying pan": 1,
  "with fork or wire wisk": 1,
  "cheese grated": "dairy",
  "jam (i used blackberry)": 1,
  "for the overnight oats:": 1,
  "maca powder (optional)": 1,
  "mesquite (optional)": 1,
  "collagen peptides (optional": 1,
  "for the berry compote:": 1,
  "puffed millet": 1,
  "maltodextrin": 1,
  "flax meal": 1,
  "quick cooking oatmeal": 1,
  "nuts/seeds": 1,
  "kefir": 1,
  "cr\u00e8me de cassis": 1,
  "fiber": 1,
  "multigrain english muffins": 1,
  "stawberry jello": 1,
  "mixed frozen berries": 1,
  "be baked crisp": 1,
  "sour cream dill sauce": 1,
  "pectin liquid": 1,
  "certo liquid pectin": 1,
  "apple, granny smith": 1,
  "light brown sugar": 1,
  "powdered pectin": 1,
  "sure jell powdered pectin": 1,
  "light karo": 1,
  "cointreau (adjust to your tastes)": 1,
  "for crepes": 1,
  "white chocolate sauce": 1,
  "raspberry cream": 1,
  "golden flaxseed meal": 1,
  "blueberry preserves": 1,
  "for crepes:": 1,
  "buckwheat apple crepes": 1,
  "crepe": 1,
  "cream filling": 1,
  "sweet": 1,
  "tater tots": 1,
  "hollandaise sauce": 1,
  "wholesome bread": "pastry",
  "cooked quinoa (1/4 cup dry)": 1,
  "homemade salsa": 1,
  "naan bread/flatbread": "pastry",
  "large mixing bowl": 1,
  "syrup": 1,
  "love and fun": 1,
  "brioche or challah": "pastry",
  "brioche or challah bread": "pastry",
  "french bread loaf": "pastry",
  "challah": "pastry",
  "bread, such as brioche or challah": "pastry",
  "nitrate free bacon": 1,
  "slice of bread": "pastry",
  "ground flaxseed": 1,
  "granola with nuts": 1,
  "agave syrup": 1,
  "mixed nuts and seeds": 1,
  "so delicious\u00ae dairy free original beverage": 1,
  "whole grain cereal": 1,
  "your favorite stemmed glass": 1,
  "suggested fruit": 1,
  "bee pollen": 1,
  "maca powder": 1,
  "garnish toppings": 1,
  "fat free yogurt": 1,
  "bacon bits": 1,
  "acai juice": 1,
  "soy or almond milk": 1,
  "frozen strawberries": 1,
  "fresh spinach": 1,
  "goji berries": 1,
  "frozen unsweetened acai packet": 1,
  "curaco": 1,
  "refrigerated crescent roll dough": 1,
  "unbaked pie crust": 1,
  "vanila extract": 1,
  "jumbo flakey biscuit": 1,
  "thick-cut bacon": 1,
  "coarsely ground black pepper": 1,
  "for the granola": 1,
  "for the parfait:": 1,
  "your favorite bread": "pastry",
  "note": 1,
  "quiona flakes": 1,
  "bi-carbonate (baking) soda": 1,
  "acai powder": 1,
  "red devil hot sauce": 1,
  "raw cocao powder": 1,
  "(8 oz each) refrigerated crescent rolls": 1,
  "thinly sliced salami": "meat",
  "rosewater (food grade)": "drink",
  "sweetener of choice (to taste)": 1,
  "parmeson": 1,
  "sriracha or hot sauce": 1,
  "original cheerios": 1,
  "dried thyme leaves": 1,
  "chocolate soy milk": 1,
  "greek yogurt": 1,
  "roasted red peppers": 1,
  "crimini": 1,
  "crescent roll dough": 1,
  "coarsely chopped raw nuts": 1,
  "dried goji berries": 1,
  "stevia or sweetener of choice": 1,
  "cinnamon butter topping": "dairy",
  "ground flax seed": 1,
  "chocolate sauce": 1,
  "stevia sweetener": 1,
  "tip: you can make them spicy if you like by adding": 1,
  "hash brown ingredients:": 1,
  "simply potatoes\u00ae shredded hash browns": 1,
  "cream of chicken soup": 1,
  "crystal farms\u00ae shredded cheddar cheese": "dairy",
  "butter or margarine": "dairy",
  "corn flakes": 1,
  "chorizo, raw": 1,
  "whisked": 1,
  "coarsely shredded": 1,
  "meat and/or vegetable": 1,
  "unbaked pie shell": 1,
  "homemade pie crust": 1,
  "quiche lorraine": 1,
  "gruyere cheese": "dairy",
  "quiche aux legumes": 1,
  "quiche provencale": 1,
  "ratatouille": 1,
  "1-9 inch pie crust pre-baked": 1,
  "deep dish frozen pie crusts": 1,
  "oil for the pan1": "oil",
  "chopped jalape\u00f1os": 1,
  "cooked breakfast meat": 1,
  "grilled gouda & apple sandwich": "gouda",
  "country white bread": "pastry",
  "rosemary aioli": 1,
  "spinach leaves": 1,
  "light flatbread": "pastry",
  "hulled and sliced": 1,
  "cut in half lengthwise": 1,
  "low fat granola": 1,
  "lox": 1,
  "picante sauce": 1,
  "kaiser rolls": 1,
  "house seasoning ingredients:": 1,
  "croissant": 1,
  "\u202210 lc english muffins": 1,
  "frozen acai berry packs": 1,
  "hot sauce like cholula": 1,
  "for the decorations:": 1,
  "bread of your choice": "pastry",
  "dozen toothpicks": 1,
  "special equipment: br\u00fbl\u00e9e torch": 1,
  "skim milk": 1,
  "c. water": "drink",
  "cream cheese frosting": "dairy",
  "cake:": 1,
  "-- icing --": 1,
  "caramel sauce": 1,
  "snickers bars (1-11.8 oz pack)": 1,
  "snickers bars": 1,
  "cupcakes": 1,
  "bourbon*": 1,
  "1 tablespoon additional sweetener such as": 1,
  "pastry for single-crust pie": 1,
  "for the cheesecake:": "dairy",
  "for the citrus layer:": 1,
  "sticks and rods of various sizes": 1,
  "(about 1 cup)": 1,
  "homemade googly eyes": 1,
  "reese's pieces candy": 1,
  "reeese's minis": 1,
  "tube black decorating gel": 1,
  "mccormick\u00ae red food color, or green food color": 1,
  "tea or coffee": 1,
  "light corn syrup": 1,
  "confectioners sugar": 1,
  "chow mein noodles": 1,
  "peanut halves": 1,
  "chia seeds, hemp seeds": 1,
  "first batter": 1,
  "second batter": 1,
  "crushed candy canes": 1,
  "bailey's irish liquor (may leave this out)": 1,
  "whiskey (optional)": 1,
  "dark chocolate": 1,
  "egg yolks": 1,
  "frozen cherries": 1,
  "-- cobbler --": 1,
  "-- peaches --": 1,
  "cans refrigerated crescent rolls": 1,
  "mixed berries, frozen": 1,
  "base:": 1,
  "-- crumble topping --": 1,
  "-- for the buckle --": 1,
  "bourbon (more if you like it stronger!)": 1,
  "-- mix together in 9x13 pan --": 1,
  "-- mix dry ingr in a bowl, add eggs & top berries": 1,
  "-- pour on top and sprinkle with cinnamon --": 1,
  "-- bake at 350 for 35-45 minutes --": 1,
  "pumpkin pie filling:": 1,
  "cream filling:": 1,
  "meringue powder": 1,
  "m&ms": 1,
  "rolos or caramels": 1,
  "prepared caramel sauce": 1,
  "chopped macadamia nuts": 1,
  "m&m candies": 1,
  "vanilla sauce": 1,
  "scotch (preferably a strong single malt),": 1,
  "for the hibiscus sauce:": 1,
  "for the almond brittle:": 1,
  "light agave": 1,
  "for the panna cotta:": 1,
  "rose water": "drink",
  "to serve:": 1,
  "bean seeds scraped": 1,
  "anglaise": 1,
  "----pumpkin bread:": "pastry",
  "----vanilla bean creme anglaise:": 1,
  "----spicy caramel apple sauce:": 1,
  "croissants": 1,
  "bourbon or whiskey": 1,
  "shells:": 1,
  "chopped candied citron": 1,
  "choux pastry:": 1,
  "custard filling:": 1,
  "chocolate icing:": 1,
  "sauce on top": 1,
  "homemade whipped cream": 1,
  "parfait glasses": 1,
  "black decorating gel": 1,
  "rasperries": 1,
  "crushed pretzels": 1,
  "cream cheese filling": "dairy",
  "fresh rasberries": 1,
  "canned mandarins": 1,
  "jell-o": 1,
  "grapefruit segments": 1,
  "stevia, powder or liquid": 1,
  "dry pectin": 1,
  "house stark parfait:": 1,
  "house lannister parfait:": 1,
  "house targaryen parfait:": 1,
  "halloween sprinkles": 1,
  "sweetened whipped cream": 1,
  "triple raspberry sauce": 1,
  "framboise liqueur": 1,
  "dried nuts": 1,
  "muffin paper liners (regular or mini)": 1,
  "muffin tins (just to keep the shape of the liners)": 1,
  "for the donuts:": 1,
  "warm water (105\u00b0f to 115\u00b0f)": "drink",
  "for the buttercream filling:": "dairy",
  "to finish:": 1,
  "vanilla mascarpone ice cream:": 1,
  "v-shaped cutter or sharp knife": 1,
  "silicone molds (optional)": 1,
  "for the mummies:": 1,
  "lollipop sticks": 1,
  "for the frakensteins:": 1,
  "lucky charms cereal": 1,
  "cacao nibs": 1,
  "graham cracker crust:": 1,
  "plus 2 tablespoons": 1,
  "packed": 1,
  "fruit filling": 1,
  "caramels": 1,
  "lemon curd mousse:": 1,
  "homemade lemon curd:": 1,
  "bran": 1,
  "reserved crust mixture": 1,
  "kahlua (optional)": 1,
  "if desired": 1,
  "golden raisins": 1,
  "granny smith apples": 1,
  "ground cinnamon": 1,
  "crumble": 1,
  "for the crumble": 1,
  "optional\u2014medjool date": 1,
  "ice as needed": 1,
  "pinot noir*": 1,
  "cinn": 1,
  "rum (or whatever)": 1,
  "leftover or freshly cooked christmas pudding": 1,
  "for decoration": 1,
  "(12-oz) nestle toll house": 1,
  "macadamia nuts": 1,
  "bacardi rum": 1,
  "-- meringue --": 1,
  "-- apricot puree --": 1,
  "water room temperature": "drink",
  "-- chocolate sauce --": 1,
  "-- finishing touch --": 1,
  "chocolate layer:": 1,
  "heath bars, crushed": 1,
  "redcurrants": 1,
  "egg whites": 1,
  "cornflour": 1,
  "store bought meringues": 1,
  "demerara sugar": 1,
  "irish whiskey (may sub water)": "drink",
  "baileys": 1,
  "cookie cutter": 1,
  "magic shell topping": 1,
  "for garnish": 1,
  "yolks": 1,
  "mixed nuts/seeds": 1,
  "raw cacao": 1,
  "limoncello": 1,
  "semi-sweet chocolate": 1,
  "cherry fruit pie filling": 1,
  "whipping cream, whipped": 1,
  "grated chocolate to decorate on top of whipped cre": 1,
  "chocolate chips": 1,
  "ingredients for the banana mousse:": 1,
  "ingredients for the espresso (kapeng barako) mouss": 1,
  "ingredients for the chocnut mousse:": 1,
  "chocnut": 1,
  "ingredients for the white crust:": 1,
  "ingredients for the black crust:": 1,
  "procedure:": 1,
  "mix together until coarse": 1,
  "ingredients for the strawberry coulis:": 1,
  "ingredients for the caramel sauce:": 1,
  "ingredients for the chocolate ganache:": 1,
  "(336g)  regular cream cheese (not low fat)": "dairy",
  "plus 1 tsp (57g)  blackberry preserves": 1,
  "(42g)  butter": "dairy",
  "(15g)  unsweetened cocoa powder": 1,
  "(24g)  erythritol": 1,
  "(4g)  vanilla extract": 1,
  "(about 2 1/4 to 2 1/2 tsp": 1,
  "(.4g)  liquid stevia": 1,
  "(237g)  water": "drink",
  "cadbury bars": 1,
  "two 12.3 ounce packages (or about 25 ounces total)": 1,
  "fromage frais": 1,
  "double crust pie crust": 1,
  "unbaked deep dish pie shell": 1,
  "for the bourbon whipped cream:": 1,
  "rum extract": 1,
  "marie callender pie crusts": 1,
  "- pie dough (1 double crust or 2 single crust) -": 1,
  "- filling -": 1,
  "meringue": 1,
  "one crust pie crust:": 1,
  "pie filling:": 1,
  "peanut butter filling:": "dairy",
  "prepared pie crusts": 1,
  "savoiardi": 1,
  "strong black espresso": 1,
  "350g chocolate loaf cakes (shop-bought variety is": 1,
  "tia maria": 1,
  "for the filling": 1,
  "organic eggs": 1,
  "chocolate-covered coffee beans": 1,
  "heath candy bars": 1,
  "heath candy bar": 1,
  "tia maria liquor": 1,
  "liqueur to taste": 1,
  "grappa": 1,
  "alcohol": 1,
  "cold espresso": 1,
  "brewed espresso": 1,
  "of salt": 1,
  "unsweetened cocoa powder": 1,
  "-- marinade --": 1,
  "scotch": 1,
  "english toffee candy bars": 1,
  "=== custard ===": 1,
  "custard": 1,
  "oreo cookie crumbs": 1,
  "yellow cake mix": 1,
  "cold milk": 1,
  "caramel ice cream topping": 1,
  "toasted pecans": 1,
  "jugo magi": 1,
  "straw": 1,
  "sangria": 1,
  "of gin": 1,
  "bottles *see note below": 1,
  "kombucha": 1,
  "lampaan jauhelihaa": 1,
  "sipuli": 1,
  "korppujauhoja": 1,
  "ranskankermaa": 1,
  "rosmariinia": 1,
  "valkosipulia": 1,
  "suolaa": 1,
  "pippuria": 1,
  "cut up into chunks": 1,
  "beers or wheat beers": 1,
  "salsa (optional)": 1,
  "sukrin gold or erythritol or swerve (80 g / 3.9 oz": 1,
  "water (600 ml)": "drink",
  "optionally: few drops of liquid stevia extract if": 1,
  "rye whiskey": 1,
  "fluid ounces water": "drink",
  "irish whiskey (i used jameson)": 1,
  "ice; if desired": 1,
  "cold club soda": 1,
  "clementines": 1,
  "creme de cassis, chilled": 1,
  "mocha option": 1,
  "powdered instant espresso": 1,
  "unsweetend coco": 1,
  "whole milk or 2% milk": 1,
  "pepperment candy cane": 1,
  "seltzer": 1,
  "artificial sweetener": 1,
  "--": 1,
  "wine sweetener": 1,
  "elderflower liquor": 1,
  "prosecco": 1,
  "big batch:": 1,
  "hot sauce (or to taste)": 1,
  "cherry liqueur (like heering)": 1,
  "bitters (angostura)": 1,
  "marashino cherry": 1,
  "sugared cranberries:": 1,
  "big batch margaritas:": 1,
  "to make just one drink:": 1,
  "maraschino cherry (optional)": 1,
  "cacha\u00e7a": 1,
  "sugar cane": 1,
  "dark jamaican rum": 1,
  "light rum (martinique rhum agricole vieux)": 1,
  "orgeat syrup": 1,
  "espresso (or to taste)": 1,
  "white or gold rum": 1,
  "galliano": 1,
  "light rum (or gold)": 1,
  "squirts of inventi unsweetened": 1,
  "bailey's irish creme": 1,
  "irish whiskey (or any whiskey)": 1,
  "fresh water": 1,
  "pitcher": 1,
  "french press": 1,
  "caramel topping": 1,
  "yacon syrup": 1,
  "maple extract": 1,
  "jamacian rum": 1,
  "cream of coconut coco lopez": 1,
  "jack daniels": 1,
  "american whiskey": 1,
  "non-fat dry milk powder": 1,
  "non-dairy coffee creamer": 1,
  "pre-sweetened cocoa powder": 1,
  "hershey kisses": 1,
  "for the whipped cream:": 1,
  "for the hot chocolate:": 1,
  "creme de cacoa": 1,
  "candies": 1,
  "additional ingredient (for each serving):": 1,
  "glass": 1,
  "white creme de cacao": 1,
  "caramel sauce topping": 1,
  "cocoa mix": 1,
  "instant coffee": 1,
  "bottle to store liqueur": 1,
  "liquor": "drink",
  "ozkahlua": 1,
  "filet mignon": 1,
  "brewed espresso,": 1,
  "of cold water": 1,
  "7-up": 1,
  "of water": 1,
  "cold sparkling water or club soda": 1,
  "5 cups filtered water": 1,
  "garnishes **": 1,
  "of dark rum": 1,
  "kahl\u00faa (or more to taste)": 1,
  "for the infused vodka": 1,
  "for the cordials": 1,
  "black gummy spider": 1,
  "calvados": 1,
  "maraschino liqueur": 1,
  "creme de violette (optional)": 1,
  "the drink": 1,
  "grenadine (optional)": 1,
  "blood orange": 1,
  "apple or get apple juice": 1,
  "sprite soda lemon flavour": 1,
  "ice cubea": 1,
  "garnish it with mint on top": 1,
  "raspberry syrup": 1,
  "for raspberry syrup": 1,
  "frozen raspberries": 1,
  "vaniila extract": 1,
  "yellow gatorade": 1,
  "milk jam": 1,
  "frozen milk": 1,
  "chocolate french brownie": 1,
  "chocolate mousse": 1,
  "red jalape\u00f1o": 1,
  "creme de menthe syrup": 1,
  "st. germain (elderflower liquor)": 1,
  "punch": 1,
  "myers dark rum": 1,
  "tropical punch": 1,
  "rasberries": 1,
  "(33.8 oz.) bottle": 1,
  "!garnishes:": 1,
  "sticks (3 to 4 inches)": 1,
  "frozen sliced ?": 1,
  "sauvignon blanc": 1,
  "cans  frozen concentrated grape juice": 1,
  "pinot noir": 1,
  "rose' wine": 1,
  "sparkling water or juice": 1,
  "(12 ounces) club soda or seltzer": 1,
  "tonic": 1,
  "liquor 43": 1,
  "light white grape juice": 1,
  "vegetable juice": 1,
  "raw cacao nibs": 1,
  "green powder supplement": 1,
  "lactose": 1,
  "horlicks": 1,
  "nutella fudge (optional):": 1,
  "malted milk cream:": 1,
  "(rounded) any type of pretzels": 1,
  "see below": 1,
  "regular oreos": 1,
  "\u2153 cup water": 1,
  "cherry": 1,
  "vanilla wafers": 1,
  "vanilla ice cream": 1,
  "see healthier option": 1,
  "grape jelly": 1,
  "peanut butter frosting:": "dairy",
  "instant cappuccino powder": 1,
  "rainbow sprinkles": 1,
  "chia seeds (optional)": 1,
  "stevia sweetner": 1,
  "lowfat milk": 1,
  "ice cubes": 1,
  "raaw oatmeal": 1,
  "sweet and sour mix": 1,
  "1/2 - 1 cup red hots (optional)": 1,
  "1 gallon drink jug": 1,
  "scotch tape": 1,
  "gherkin pickles": 1,
  "frozen oven french fries": 1,
  "for the marinade:": 1,
  "type of fire: direct": 1,
  "grill heat: high": 1,
  "leaf lettuce": 1,
  "burger buns": 1,
  "maple or agave syrup": 1,
  "safflower oil for pan": "oil",
  "tzatziki": 1,
  "smoky whiskey burger sauce": 1,
  "chili whiskey burger sauce": 1,
  "chalula": 1,
  "for the burgers:": 1,
  "flaxseed + 1/4 cup water": 1,
  "for the guacamole:": 1,
  "for the corn salsa:": 1,
  "good quality buns": 1,
  "sprigs": 1,
  "marmite vegemite": 1,
  "burgers": 1,
  "tilpia": 1,
  "burger rolls": 1,
  "garlic butter sauce": "dairy",
  "rounded sweet pickle relish": 1,
  "lasagne noodles (about 6 ounces)": 1,
  "verde sauce": 1,
  "enchiladas": 1,
  "bag tater tots": 1,
  "mix (i use mild mccormick)": 1,
  "water (add the amount of water to the meat that th": 1,
  "adobo": 1,
  "refried bean": 1,
  "brown rice rotini pasta": 1,
  "gluten free rice flour": 1,
  "gluten free chicken broth": 1,
  "rice milk": 1,
  "tuna in water": 1,
  "gluten free panko bread crumbs": "pastry",
  "chicken marinade": 1,
  "casserole": 1,
  "lean minced beef": 1,
  "hot chilli powder": 1,
  "ground coriander": 1,
  "vegetable peanut": 1,
  "ice cold seltzer water (see note)": 1,
  "baguettes or four soft hoagie rolls": "pastry",
  "seeds removed": 1,
  "vegetable oil for frying": "oil",
  "hot dogs": 1,
  "peanut": 1,
  "wieners": 1,
  "or cocktail sticks": 1,
  "wieners (such as lit'l smokies)": 1,
  "paparika": 1,
  "-- mince filling --": 1,
  "breast halves": 1,
  "fondue pot": 1,
  "garlic-soy sauce": 1,
  "shichimi togarashi": 1,
  "peanut oil (or other oil with a very high smoke po": "oil",
  "chips": 1,
  "=== master sushi rice ===": 1,
  "=== herb crab salad ===": 1,
  "tempura": 1,
  "=== garnish ===": 1,
  "gari": 1,
  "soy syrup": 1,
  "tropical fruit salsa:": 1,
  "scallops:": 1,
  "tropical food\u2019s mexicali fire\u00ae snack mix": 1,
  " ahi": 1,
  "hot dog buns": 1,
  "pina colada crema (see below)": 1,
  "cooked linguine (broken in half before cooking)": 1,
  "dill sauce:": 1,
  "foil": 1,
  "seasoning mix:": 1,
  "sweet baby rays": 1,
  "cedar plank": 1,
  "spareribs": 1,
  "mushroom-wine sauce:": 1,
  "bourbon glaze": 1,
  "for the shredded beef:": 1,
  "for the black beans:": 1,
  "ripe plantains": 1,
  "for the arepa:": 1,
  "greasing oil": "oil",
  "sriracha hot sauce (optional)": 1,
  "brisket": 1,
  "for the jam:": 1,
  "hawaiian bbq sauce:": 1,
  "mango, chili, pineapple and lime relish:": 1,
  "the dogs:": 1,
  "brats (or hot dogs if you prefer)": 1,
  "roll hot dog buns": 1,
  "pickled jalape\u00f1os": 1,
  "for the cilantro sauce:": 1,
  "-- marinade  --": 1,
  "rutabaga": 1,
  "masa": 1,
  "basic salsa verde (or store-bought salsa verde)": 1,
  "base": 1,
  "main": 1,
  "finish": 1,
  "for the peppers:": 1,
  "bourbon or rum (optional)": 1,
  "sheboygan brats": 1,
  "rack of lamb:": 1,
  "mashed turnips:": 1,
  "special equipment": 1,
  "green cardamon seeds": 1,
  "dry rub": 1,
  "-- wet mop (optional) --": 1,
  "-- barbecue sauce": 1,
  "-- beef kabobs --": 1,
  "-- parmesan orzo --": 1,
  "diced green chillies": 1,
  "pesto:": 1,
  "flank steak roulade:": 1,
  "steak and marinade:": 1,
  "potatoes:": 1,
  "water and ice": 1,
  "four roses single barrel bourbon": 1,
  "~~ chili rub ~~": 1,
  "kalamata olives": "fruit",
  "spiced": 1,
  "sandwich bread (see note above)": "pastry",
  "ribs finely": 1,
  "accompaniments: sandwich bread": "pastry",
  "falafel:": 1,
  "of hearts of palm": 1,
  "homemade or store-bought salsa verde": 1,
  "*sauce ingredients*": 1,
  "quinoa:": 1,
  "quinoa*": 1,
  "fresh chow fun noodles.": 1,
  "salsa (i use pico de gallo)": 1,
  "farro": 1,
  "sherry vinaigrette": 1,
  "sushi rice:": 1,
  "spicy tofu:": 1,
  "gochujang (or sriracha)": 1,
  "toasted nori": 1,
  "favorite pico de gallo": 1,
  "cracker meal": 1,
  "low carb ketchup": 1,
  "meatloaf mixture": 1,
  "fresh plain breadcrumbs": "pastry",
  "worcestershire": 1,
  "cracker crumbs": 1,
  "coarsely": 1,
  "medium onion": 1,
  "ground beef or pork": 1,
  "dried sage": 1,
  "worchestershire": 1,
  "russian": 1,
  "passata": 1,
  "fettucine": 1,
  "spaghetti (see notes)": 1,
  "cooked quinoa*": 1,
  "(optional)": 1,
  "bucatini": 1,
  "linguine or fettuccine": 1,
  "farfalle": 1,
  "orecchiette": 1,
  "dry spaghetti": 1,
  "penne": 1,
  "-- pesto --": 1,
  "-- pasta (4 oz dry per serving) --": 1,
  "spaghetti or vermicelli": 1,
  "-- toppings --": 1,
  "total": 1,
  "fresh bail leaves": 1,
  "pine nuts": 1,
  "parmesan cheese grated": "dairy",
  "poppy seeds": 1,
  "pizza dough:": 1,
  "romesco:": 1,
  "naturesweet\u00ae glorys\u00ae": 1,
  "frank's\u00ae redhot\u00ae sauce": 1,
  "gravy": 1,
  "-- pizza dough --": 1,
  "-- pizza --": 1,
  "other toppings": 1,
  "spicy sauce:": 1,
  "sides:": 1,
  "tomato sauce:": "condiment",
  "chicken:": 1,
  "one 24-ounce jar medium or mild salsa": 1,
  "balsamic": "condiment",
  "cinammon": 1,
  "for the dry brine": 1,
  "for the confit oil": "oil",
  "for the mustard sauce": 1,
  "(4 to 4 1/2 pounds pre-boning)": 1,
  "(10 to 13 pounds)": 1,
  "-- to cook with herbs --": 1,
  "chervil": 1,
  "-- to cook with cheese --": "dairy",
  "goose": 1,
  "spatchcock": 1,
  "rillette stuffed": 1,
  "=== mirepoix ===": 1,
  "group a": 1,
  "group b": 1,
  "group c": 1,
  "group d": 1,
  "group e (sauce ingredients)": 1,
  "loaf of bread": "pastry",
  "reynolds extra large oven bag": 1,
  "-- garnishes --": 1,
  "-- giblet gravy ingredients --": 1,
  "aromatics": 1,
  "aluminum foil ,  heavy duty": 1,
  "broil": 1,
  "--turkey--": 1,
  "--herb gravy--": 1,
  "--inside turkey --": 1,
  "onioin": 1,
  "brine for turkey": 1,
  "italain dressing": 1,
  "for the body cavity of the turkey:": 1,
  "pan juices": 1,
  "madeira wine": 1,
  "beurre manie": 1,
  "turkey stock:": 1,
  "giblets & neck": 1,
  "water,": 1,
  "quail meat": 1,
  "hot water crust:": 1,
  "prepared pie crust": 1,
  "frozen pie crust": 1,
  "leftover gravy (or 1/2 cup extra enchilada sauce)": 1,
  "frozen vegetables": 1,
  "unbaked pie crusts": 1,
  "pastry for 9-inch two crust pie": 1,
  "refrigerated pie crust": 1,
  "shortcrust pastry": 1,
  "pastry pie shell": 1,
  "winter": 1,
  "rolled refrigerated unbaked pie crust": 1,
  "refrigerated piecrusts": 1,
  "chopped cooked chicken": 1,
  "pastry for a (10 inch) double crust pie": 1,
  "thinly sliced into half moons": 1,
  "umeboshi": 1,
  "canned chickpeas": 1,
  "- rib brine -": 1,
  "resealable plastic bag": 1,
  "- spice rub -": 1,
  "- barbecue sauce -": 1,
  "prime rib roast": 1,
  "ribs": 1,
  "for the rub and the ribs:": 1,
  "st. louis cut spare-ribs": 1,
  "you'll also need:": 1,
  "hickory chips or chunks": 1,
  "sprayer or mister": 1,
  "spicy apple barbecue sauce": 1,
  "msg": 1,
  "for the rub": 1,
  "for sauce": 1,
  "racks baby back ribs": 1,
  "bottle  barbeque sauce": 1,
  "zaycon fresh babybacks ribs": 1,
  "gmg\u2019s \u201csouth of the border\u201d rub": 1,
  "or racks of ribs": 1,
  "soda": 1,
  "five-spice": 1,
  "chopped roasted peanuts": 1,
  "wood chips": 1,
  "eye of round roast": 1,
  "diced, skin on": 1,
  "pork:": 1,
  "rib roast": 1,
  "swede": 1,
  "pork butt roast": 1,
  "liquid smoke flavoring": 1,
  "pan gravy": 1,
  "rump roast": 1,
  "seeded and cut into 3/4-inch dice": 1,
  "quick marinara sauce": 1,
  "your seasonings (see prep for suggestions)": 1,
  "chevre": 1,
  "head rocket": 1,
  "day-old baguette": "pastry",
  "chilli (additional)": 1,
  "dulse seaweed": 1,
  "mixed salad greens": 1,
  "mccormick\u00ae dill weed": 1,
  "mccormick\u00ae mustard, ground": 1,
  "shredded cheddar cheese": "dairy",
  "hard-cooked eggs": 1,
  "cubed cooked ham or turkey": 1,
  "chopped red onion": 1,
  "blue cheese dressing": "dairy",
  "chopped fine": 1,
  "dressing ingredients": 1,
  "spicy mayo": 1,
  "pickled vegetables": 1,
  "vietmanese dressing (nuoc cham)": 1,
  "chilli": 1,
  "avocado mixture": 1,
  "sandwich": 1,
  "-- meat --": 1,
  "-- presentation --": 1,
  "ciabatta rolls": 1,
  "tempeh": 1,
  "light rye bread": "pastry",
  "sourdough bread slices": "pastry",
  "favorite soft bread": "pastry",
  "bread (i used sour dough)": "pastry",
  "slices of fresh bread (your choice": "pastry",
  "sandwich or hero rolls": 1,
  "if making pambazos:": 1,
  "store-bought or homemade red enchilada sauce": 1,
  "mild salsa verde": 1,
  "juiced": 1,
  "up to 2 tablespoons water": 1,
  "finely chopped jalape\u00f1o": 1,
  "hearty white sandwich bread": "pastry",
  "(or your favorite bread)": "pastry",
  "ribs:": 1,
  "baby back ribs (around 1 rack)": 1,
  "sauce from crockpot after being cooked": 1,
  "your favorite bread (like irish soda bread)": "pastry",
  "for the roasted veggies:": 1,
  "for the bowls:": 1,
  "enchilada sauce (dry mix)": 1,
  "aujus mix": 1,
  "guinness": 1,
  "noodles broken into bite size pieces (6.5 oz)": 1,
  "finely sliced": 1,
  "sake": 1,
  "pickled ginger slices (optional)": 1,
  "sesame or peanut oil": "oil",
  "clementines or tangerines": 1,
  "for the sauce:": 1,
  "remaining ingredients:": 1,
  "bayou blast": 1,
  "feshly-ground black pepper": 1,
  "red pepper sauce": 1,
  "fresh chinese pea pods": 1,
  "escarole": 1,
  "whole pimiento": 1,
  "stir fry": 1,
  "red chillies": 1,
  "green chills": 1,
  "peppers halved and cleaned": 1,
  "onion diced": 1,
  "sea salt and black pepper": 1,
  "garlic pressed or": 1,
  "leaves finely": 1,
  "extra basil leaves": 1,
  "ground bison or other ground meat": 1,
  "hot salsa": 1,
  "salsa verde, homemade or store-bought": 1,
  "tequila or reduced-sodium beef broth": 1,
  "grated lime peel": 1,
  "poblano peppers or medium sweet red peppers": 1,
  "jalepeno peppers": 1,
  "large sweet onion": 1,
  "beef skirt steaks or flank steak": 1,
  "whole wheat tortillas": 1,
  "shredded mexican cheese blend": "dairy",
  "taco sauce": 1,
  "enchillada sauce": 1,
  "enchilada sauce": 1,
  "aji": 1,
  "guacamole:": 1,
  "peeled": 1,
  "hummus of choice": 1,
  "fillings of your choice": 1,
  "taco shells": 1,
  "crema": 1,
  "tacos": 1,
  "hickory chips": 1,
  "venison meatloaf": 1,
  "buffalo sweet potato/pumpkin hash": 1,
  "tropical food\u2019s buffalo nuts\u00ae": 1,
  "blackberry bbq sauce": 1,
  "blackberry preserves": 1,
  "lean elk": 1,
  "prague powder": 1,
  "margoram": 1,
  "powdered dextrose": 1,
  "ingredients for 10 lbs": 1,
  "main:": 1,
  "boar meat": 1,
  "deer": 1,
  "legs": 1,
  "sprigs leaves picked and": 1,
  "medium oinon": 1,
  "slices of bread  helps if there dry": "pastry",
  "fresh herbs and vegetables": 1,
  "peppered bacon": 1,
  "deer meat (ground or sliced)": 1,
  "vegetable broth": 1,
  "shoyu sauce": 1,
  "marsala cooking wine": 1,
  "mixed mushrooms": 1,
  "baby portobello mushrooms": 1,
  "pheasant": 1,
  "fresh mushrooms": 1,
  "worchestire sauce": 1,
  "rabbit": 1,
  "partridge breasts": 1,
  "black pudding": 1,
  "alligator meat": 1,
  "sliced into thin rings": 1,
  "spelt": 1,
  "spelt berries": 1,
  "kidney bean": 1,
  "blender mayonnaise": 1,
  "slaw:": 1,
  "-- chicken --": 1,
  "-- slaw dressing --": 1,
  "veggies": 1,
  "may": 1,
  "black peppr": 1,
  "apple cider vinegar": 1,
  "cole slaw mix": 1,
  "cajun": 1,
  "calabrese or french bread": "pastry",
  "slices white bread": "pastry",
  "ranch dressing:": 1,
  "-- bread --": "pastry",
  "bouquet garni": 1,
  "-- croutons --": 1,
  "sliced thin": 1,
  "3 3cups cups(750 ml) (750 ml) cooked navy beannav": 1,
  "stock:": 1,
  "homemade garilc croutons": 1,
  "crushed pineaple": 1,
  "jello- any flavor": 1,
  "walnuts broken": 1,
  "mini snickers": 1,
  "snickers candy bars": 1,
  "baking dish": 1,
  "1st layer:": 1,
  "2nd layer:": 1,
  "middle layer": 1,
  "pretzel crumbs": 1,
  "pkg  cherry jello": 1,
  "chilled pepsi or coke": 1,
  "fresh cranberries": 1,
  "lime jello": 1,
  "marshmallow creme": 1,
  "crushed pineapple": 1,
  "black cherry jello": 1,
  "pie filling": 1,
  "red jello": 1,
  "dream whip": 1,
  "green jello": 1,
  "first layer:": 1,
  "second layer:": 1,
  "zinfandel": 1,
  "sweet relish or pickles": 1,
  "mustard powder": 1,
  "chopped fresh parsley": 1,
  "chopped fresh chives": 1,
  "of dry dill (or a teaspoon chopped fresh)": 1,
  "worchester shire sauce": 1,
  "% oil": "oil",
  "minced garlic": 1,
  "taste of home 4/5/94": 1,
  "chives or cilantro": 1,
  "paleo mayo": 1,
  "dill pickle": 1,
  "celery chopped": 1,
  "grey poupon dijon mustard": 1,
  "dill weed": 1,
  "creole seasoning": 1,
  "honey lime dressing:": 1,
  "-- lime salt --": 1,
  "-- powdered chile --": 1,
  "white tuna": 1,
  "red california seedless grapes": 1,
  "toasted walnuts": 1,
  "hard-boiled egg": 1,
  "tarragon vinegar": 1,
  "dried tarragon leaves": 1,
  "acini di pepe": 1,
  "reserved juice from fruit": 1,
  "bulgur": 1,
  "small white onion": 1,
  "limes": 1,
  "fresh ground pink himalayan salt to taste": 1,
  "cooked quinoa (about 1/2 cup uncooked)": 1,
  "miso-tahini dressing :": 1,
  "bulgur wheat": 1,
  "tomato,": "fruit",
  "cucumber,": 1,
  "chopped fresh mint": 1,
  "ripe mango": 1,
  "ripe avocado": 1,
  "roasted almonds": 1,
  "chopped fresh cilantro": 1,
  "diced red onion": 1,
  "for the vinaigrette:": 1,
  "freshly squeezed lime juice (about 3 limes)": 1,
  "honey (agave nectar if vegan)": 1,
  "lime wedges": 1,
  "organic black rice": 1,
  "gigante corona": 1,
  "feta cheese": "dairy",
  "quinoa pasta": 1,
  "avacado": 1,
  "for the dressing": 1,
  "peeled and thinly sliced": 1,
  "peeled and shredded": 1,
  "of cooked farro": 1,
  "almond oil": "oil",
  "clove crushed": 1,
  "fresh red chillies": 1,
  "mixed greens": 1,
  "candied pecans": 1,
  "shaved fresh parmesean": 1,
  "premade cesar dressing": 1,
  "croutons": 1,
  "favorite dressing": 1,
  "salad ingredients:": 1,
  "poppyseed dressing ingredients:": 1,
  "-- shallot dressing --": 1,
  "saffola oil": "oil",
  "tarragon, dried": 1,
  "for dressing": 1,
  "for salad": 1,
  "whole-grain bread": "pastry",
  "cellophane noodles": 1,
  "fresh chilli": 1,
  "chopped sweet pickles or 1/8 cup pickle relish": 1,
  "for the salad greens.  add as many as you want:": 1,
  "crispy wonton strips (optional.  they are like cr": 1,
  "for the citrus herb chicken:": 1,
  "for the sesame vinaigrette:": 1,
  "galanga": 1,
  "fresh chopped parsley": 1,
  "of peanut oil": 1,
  "of sriracha sauce": 1,
  "uncooked macaroni": 1,
  "seafood pasta salad": 1,
  "salad dressing": 1,
  "broccoli avocado pesto:": 1,
  "spiral noodles": 1,
  "angel hair": 1,
  "hidden valley ranch dressing mix": 1,
  "niki's greek dressing": 1,
  "thin spaghetti": 1,
  "(with and green parts)": 1,
  "-- sun-dried tomato vinaigrette --": "condiment",
  "quality peanut oil": "oil",
  "diced pimiento": 1,
  "potato salad": 1,
  "soy": 1,
  "multi-colored fingerling potatoes": 1,
  "wasabi peas": 1,
  "togarashi": 1,
  "black sesame seeds": 1,
  "pickled mustard seeds (recipe below)": 1,
  "pickled mustard seas": 1,
  "yellow mustard seeds": 1,
  "pickling spice": 1,
  "fingerling potatoes": 1,
  "light or olive oil based mayonnaise": 1,
  "fresh thyme leaves": 1,
  "chavrie\u00ae goat log": 1,
  "ground tumeric": 1,
  "hellman's mayonnaise": 1,
  "low fat sour cream": 1,
  "mesclun": 1,
  "2 tbsp. vinegar (recommend: balsamic)": "condiment",
  "in another bowl": 1,
  "white balsamic dressing": "condiment",
  "fresh cracked black pepper": 1,
  "red wine vinaigrette": 1,
  "-- for the dressing --": 1,
  "red wine vinegar vinaigrette:": 1,
  "cappelletti": 1,
  "lots": 1,
  "quartered stawberries": 1,
  "day-old bread": "pastry",
  "freshly ground black pepper": 1,
  "nasturtium flowers": 1,
  "loaf ciabatta or sourdough french bread": "pastry",
  "safflower oil": "oil",
  "balsamic-maple dressing:": "condiment",
  "hot sauce, just eyeball the amount": 1,
  "for the salad:": 1,
  "salt and freshly ground pepper to taste": 1,
  "salad greens (optional)": 1,
  "blanched sugar snap peas": 1,
  "pea pods": 1,
  "toasted sesame oil": "oil",
  "sugar snap peas": 1,
  "toasted sesame seeds": 1,
  "spices:": 1,
  "all other ingredients:": 1,
  "fresh breadcrumbs (optional)": "pastry",
  "cream of mushroom soup": 1,
  "green bean casserole": 1,
  "-- yams --": 1,
  "town house crackers": 1,
  "snipped": 1,
  "inner packet of ritz crackers": 1,
  "frozen vegetable mix": 1,
  "for the b\u00e9chamel:": 1,
  "for the cauliflower and custard:": 1,
  "kitchen wax paper": 1,
  "frozen white roll dough pieces": 1,
  "chevril": 1,
  "mrs": 1,
  "mrs. t's pierogies": 1,
  "round dumpling wrappers": 1,
  "note: round dumpling wrappers are available in the": 1,
  "pierogies": 1,
  "worcestshire sauce": 1,
  "balsamic vineger": "condiment",
  "cheese filling": "dairy",
  "potato filling": 1,
  "your favorite dumpling recipe (i used the one fro": 1,
  "potato stuffing": 1,
  "sauerkraut stuffing": 1,
  "frozen french fries": 1,
  "nonstick spray coating": 1,
  "tumeric powder": 1,
  "frying pan": 1,
  "large sweet potatoes": 1,
  "lifeway lowfat plain kefir": 1,
  "honey-lime sauce:": 1,
  "fries:": 1,
  "sour cream/ranch sauce:": 1,
  "cornbread:": "pastry",
  "day old sourdough bread": "pastry",
  "sprig": 1,
  "optional- crushed red pepper, panko bread crumbs": "pastry",
  "toppings (optional) - salsa, hot sauce, sour cream": 1,
  "dry quinoa": 1,
  "ground": 1,
  "sloppy joe sauce": 1,
  "yukon gold potatoes": 1,
  "light sour cream": 1,
  "boiled potatoes": 1,
  "mashed potatoes": 1,
  "roasted potato fries": 1,
  "avocado aioli": 1,
  "-- toppings - optional --": 1,
  "baking potatoes": 1,
  "white pepper to taste": 1,
  "softened butter": "dairy",
  "gouda": "gouda",
  "mushrooms:": 1,
  "truffle": 1,
  "risotto:": 1,
  "shelled fresh (or frozen": 1,
  "bulb": 1,
  "cooked brown rice": 1,
  "chopped walnuts": 1,
  "-- pickling spice substitute --": 1,
  "--- the sauce ---": 1,
  "imlee": 1,
  "wine, dry, red": 1,
  "freshly squeezed lemon juice": 1,
  "ground caraway (or celery salt)": 1,
  "blue plate\u00ae light mayonnaise with greek yogurt": 1,
  "rye bread (or bread of your choice)": "pastry",
  "very lean ground beat": 1,
  "old bay seasoning": 1,
  "crayfish": 1,
  "cilantropeanut sauce": 1,
  "fresh": 1,
  "pernod": 1,
  "mahi mahi": 1,
  "conch": 1,
  "unbaked piecrusts": 1,
  "wontons": 1,
  "tropical foods mexicali fire": 1,
  "tropical foods mexicali fire, garnish": 1,
  "poultry seasoning": 1,
  "====spicy ranch sauce====": 1,
  "half-and half": 1,
  "chili paste": 1,
  "oriental noodles": 1,
  "coarse burghul": 1,
  "thick cut sourdough bread": "pastry",
  "sink of water": 1,
  "for later:": 1,
  "vegetable water": 1,
  "basting oil": "oil",
  "white salsa con queso": 1,
  "hot sauce such as frank's": 1,
  "for the gremolata:": 1,
  "parsnip": 1,
  "firm bean curd": 1,
  "fresh chives": 1,
  "water to cover": 1,
  "quarts cold water": 1,
  "worcester sauce": 1,
  "vegtable oil": "oil",
  "kaffir lime leaves": 1,
  "diced chorizo": 1,
  "thick slices baguette": "pastry",
  "-- parmesan croutons --": 1,
  "-- golden onion soup --": 1,
  "pinch": 1,
  "-- cajun seasoned croutons --": 1,
  "walla walla onion": 1,
  "frozen brocolli": 1,
  "sourdough bread boules (round loaves)": "pastry",
  "white and light green parts only": 1,
  "elbow macaroni": 1,
  "-- optional toppings --": 1,
  "shredded": 1,
  "lean ground turkey": 1,
  "dark kidney beans": 1,
  "chipotle powder": 1,
  "tri-tip meat": 1,
  "hot rib rub": 1,
  "diced and deseeded": 1,
  "m\u00f6lli mexico city cooking sauce": 1,
  "courgettes": 1,
  "texas pete hot sauce": 1,
  "red chile": 1,
  "cumin powder": 1,
  "jiffy cornbread mix": "pastry",
  "pace picante sauce": 1,
  "swanson\u00ae premium white chunk chicke": 1,
  "pods": 1,
  "and ground": 1,
  "powder": 1,
  "fragrant": 1,
  "of excess fat and cut into 1-inch": 1,
  "cut into 1/4 -inch pieces": 1,
  "stemmed": 1,
  "light cream cheese": "dairy",
  "(bolner's) fiesta brand chicken fajita seasoning": 1,
  "yellow onions": 1,
  "boiling potatoes": 1,
  "chopped roasted skinless": 1,
  "-- fry --": 1,
  "-- boil --": 1,
  "-- combine --": 1,
  "v-8 vegetable juice": 1,
  "bottled clam juice": 1,
  "lobster tails": 1,
  "chicken or fish stock": 1,
  "finely chopped leek": 1,
  "finely choped celery": 1,
  "yukon gold potato": 1,
  "cheddar cinnamon sugar twist:": 1,
  "and 2 tablespoons  water": 1,
  "pishtachios": 1,
  "spiced cream": 1,
  "clove buds": 1,
  "of water (1 us gallon)": 1,
  "meatballs:": 1,
  "fasole boabe (sau fasole gata fiart\u0103 din conserv\u0103)": 1,
  "morcov": 1,
  "cepe": 1,
  "c\u0103\u0163ei de usturoi": 1,
  "linguri de ulei de floarea soarelui - pentru c\u0103lit": 1,
  "sare piper foi de dafin - dup\u0103 gust": 1,
  "p\u0103trunjel verde pentru decor": 1,
  "riesling": 1,
  "dried currnats": 1,
  "fresh or frozen pitted": 1,
  "twist macaroni noodled": 1,
  "tri-color spiral pasted": 1,
  "ground meat of choice": 1,
  "cubbed": 1,
  "dried onion flakes": 1,
  "wash": 1,
  "a": 1,
  "b": 1,
  "gram (oranje) zoete aardappel": 1,
  "rijpe tomaat (100 gram)": 1,
  "snuifje gedroogde tijm": 1,
  "stuk kaneelstokje van 1 cm": 1,
  "naar smaak: een snuifje zeezout of rotszout": 1,
  "naar smaak: zwarte peper": 1,
  "indien voorhanden en naar wens: kokosroom": 1,
  "or water": 1,
  "red cooking wine": 1,
  "smoked hot paprika": 1,
  "low sodium chicken broth": 1,
  "celery ribs": 1,
  "sazon goya": 1,
  "dry white cooking wine": 1,
  "chopmeat": 1,
  "bottle guinness stout": 1,
  "bag of santitos chips": 1,
  "kitchen bouquet": 1,
  "soup base:": 1,
  "everything else:": 1,
  "winter squash": 1,
  "fresh shiitake mushroooms": 1,
  "ramen noodles": 1,
  "sriacha to taste": 1,
  "thin fresh red or green": 1,
  "fresh ramen noodles": 1,
  "extras": 1,
  "stick": 1,
  "japanese ramen": 1,
  "baby boy choy": 1,
  "torte": 1,
  "nuoc mam": 1,
  "oxtails": 1,
  "fresh asian": 1,
  "halibut filet": 1,
  "crusty bread for serving on the side (optional)": "pastry",
  "bottle": 1,
  "large": 1,
  "boneless": 1,
  "calamari": 1,
  "1 cup bottled clam juice": 1,
  "loaf of ciabatta bread": "pastry",
  "kafir leaves": 1,
  "prawns, 25-30 count": 1,
  "jasmine rice": 1,
  "body of recipe": 1,
  "recaito": 1,
  "celery stalk": 1,
  "scallop": 1,
  "red curry paste": 1,
  "chinese cabbage": 1,
  "sweet red pepper": 1,
  "vegetable stock": 1,
  "white fish": 1,
  "spring onions": 1,
  "corriander": 1,
  "shellfish": 1,
  "ramen style noodles": 1,
  "broth:": 1,
  "soup:": 1,
  "noodles": 1,
  "soup ingredients:": 1,
  "ranch dressing mix": 1,
  "sweet potatoe": 1,
  "skinless chicken thighs": 1,
  "bottle passata": 1,
  "frank's red hot sauce": 1,
  "cooked macaroni": 1,
  "better than boullion": 1,
  "leftover gravy (optional)": 1,
  "quarts water": 1,
  "frozen corn": 1,
  "fresh lime": 1,
  "cans": 1,
  "can": 1,
  "kimchi": 1,
  "chorizo": 1,
  "new england clam chowder": 1,
  "stalks diced": 1,
  "diced": 1,
  "breasts bone-in": 1,
  "al dente": 1,
  "\u20221 1/2 lb. boneless": 1,
  "\u20222/3 cup uncooked quinoa": 1,
  "file powder": 1,
  "rustic rub": 1,
  "frozen gumbo vegatables": 1,
  "black olives": "fruit",
  "fresh lemon": 1,
  "fresh italian parsley": 1,
  "scotch bonnet pepper": 1,
  "sazon goya w/ culantro & annatto": 1,
  "v8 juice": 1,
  "chicken parts": 1,
  "chile powder": 1,
  "orange zest": 1,
  "sweet, very ripe plantains": 1,
  "28-ounce can chopped tomatoes": "fruit",
  "sliced pitted green olives": "fruit",
  "-- seasoning mix --": 1,
  "file' powder": 1,
  "-- main ingredients --": 1,
  "tasso": 1,
  "boneless chuck": 1,
  "tiny green limas": 1,
  "cut into 1-inch pieces": 1,
  "soy flakes": 1,
  "rustic bread": "pastry",
  "package frozen shelled edamame or 1-1/2c fresh she": 1,
  "yukon gold": 1,
  "curry powder": 1,
  "chipotle": 1,
  "fresh green vegetable": 1,
  "ramen noodle packs": 1,
  "jalape\u00f1os (optional": 1,
  "package meatless burger crumbles": 1,
  "char siew sauce": 1,
  "papirika": 1,
  "parsely": 1,
  "japanese cooking wine": 1,
  "see recipe": 1,
  "agave amber nectar": 1,
  "fresh basil leaves": 1,
  "garlic clove": 1,
  "garnish (optional):": 1,
  "vienna hotdogs ground": 1,
  "chablis wine": 1
}